{
  "saveRecord":{
    "_links":"/saveRecord",
    "des":"保存记录",
    "method":"POST",
    "params":[
      {"name":"username", "type":"string","des":"用户名"},
      {"name":"phonenumber", "type":"string","des":"用户手机号"},
      {"name":"time", "type":"string","des":"游戏时间"},
      {"name":"score", "type":"string","des":"分数"},
      {"name":"stage", "type":"string","des":"等级"}
    ]
  },
  "appStatus":{
    "_links":"/app/status",
    "des":"服务器信息",
    "method":"GET",
    "params":[
      {"name":"info", "type":"任意","des":"详细信息", "necessary":false}
    ]
  },
  "listinfo":{
    "_links":"/app/listinfo",
    "des":"显示api信息",
    "method":"GET",
    "params":[
    ]
  }
}
